ID,Name,Description,Owner.ID,Owner.Rest,Tracks.Href,Tracks.Total,Rest
1gfgBfpFSPJwRnaVk7dJEE,Floating in mid air,,jakobjankamminga,null,https://api.spotify.com/v1/playlists/1gfgBfpFSPJwRnaVk7dJEE/tracks,2,null
1mv9Ql0OjoNrgjmyDzmaqQ,Wouter,,jakobjankamminga,null,https://api.spotify.com/v1/playlists/1mv9Ql0OjoNrgjmyDzmaqQ/tracks,382,null
4CAMgoooJ0KSL3h5oZQmMb,Basement Traxx,,jakobjankamminga,null,https://api.spotify.com/v1/playlists/4CAMgoooJ0KSL3h5oZQmMb/tracks,8,null
2lUOodktcUcT0RGC4dm4ft,JVB,,jakobjankamminga,null,https://api.spotify.com/v1/playlists/2lUOodktcUcT0RGC4dm4ft/tracks,36,null
0oi5qUK3jrwI0bCOKg5kD5,Brunch Pancakes,,jakobjankamminga,null,https://api.spotify.com/v1/playlists/0oi5qUK3jrwI0bCOKg5kD5/tracks,5,null
0Q4zehoI00db0sluEXl2Vn,Wildflowers,Let me drink from the waters where the mountain streams flood. Let the smell of wildflowers flow free through my blood.,jakobjankamminga,null,https://api.spotify.com/v1/playlists/0Q4zehoI00db0sluEXl2Vn/tracks,17,null
7L8iFL8AN4rnLA8zZhllx8,Cities,"You may not achieve 100% traffic flow, but you&#x27;re at that perfect 90¬∞ angle and this city is truly yours.",jakobjankamminga,null,https://api.spotify.com/v1/playlists/7L8iFL8AN4rnLA8zZhllx8/tracks,67,null
1dhgOeNzNHUsytZZZMmQHZ,Cool cats don't look at explosions,,jakobjankamminga,null,https://api.spotify.com/v1/playlists/1dhgOeNzNHUsytZZZMmQHZ/tracks,23,null
3yOeFcMegrUXMPN8yhMzq0,Bat-shit crazy,"Bonkers tunes and tunes about bonkers. This is my soundtrack for crazy days, when songs about satan&#x27;s ice cream truck make more sense than real life.",jakobjankamminga,null,https://api.spotify.com/v1/playlists/3yOeFcMegrUXMPN8yhMzq0/tracks,31,null
2Vh2aBPHWgpWlG317NGCSX,"If You Can't Do It Good, Do It Hard",,jakobjankamminga,null,https://api.spotify.com/v1/playlists/2Vh2aBPHWgpWlG317NGCSX/tracks,19,null
0HgryBUzO9vztdKAztkxcB,Race the future,,jakobjankamminga,null,https://api.spotify.com/v1/playlists/0HgryBUzO9vztdKAztkxcB/tracks,34,null
0Zh6fYXe9PUc6gAIOuehyC,code.hour,greatSongs.forEach(function(you){Productivity.increase(you);Creativity.increase(you);Improvement.isInitialised = true;};,jakobjankamminga,null,https://api.spotify.com/v1/playlists/0Zh6fYXe9PUc6gAIOuehyC/tracks,20,null
1OcpP6Hil8TLmPOUDOqejs,The Best Songs Ever Made,,jakobjankamminga,null,https://api.spotify.com/v1/playlists/1OcpP6Hil8TLmPOUDOqejs/tracks,37,null
1x6EQn52mpSVppClm3hhA2,Money and run,,jakobjankamminga,null,https://api.spotify.com/v1/playlists/1x6EQn52mpSVppClm3hhA2/tracks,13,null
71Gp5TKV1pNFcNcwduvSmn,Drifting through space,"The road is the cosmos, your mind is a Mustang. You may not pass the breathalyzer, but your trip is so far out no one will ever catch you.",jakobjankamminga,null,https://api.spotify.com/v1/playlists/71Gp5TKV1pNFcNcwduvSmn/tracks,16,null
000Mvii8zIEJk4zOjz3qCr,Pedal through the metal,,jakobjankamminga,null,https://api.spotify.com/v1/playlists/000Mvii8zIEJk4zOjz3qCr/tracks,23,null
3RhonpilJsxs9KxhbgtAgp,Sunset cruisin,,jakobjankamminga,null,https://api.spotify.com/v1/playlists/3RhonpilJsxs9KxhbgtAgp/tracks,20,null
3WXC1BuH6niI28M0uOgHYe,Aeropolis [Skyway 992],,jakobjankamminga,null,https://api.spotify.com/v1/playlists/3WXC1BuH6niI28M0uOgHYe/tracks,16,null
48cazY4n3RWPsrgzUlsWeb,Spacing simulator,,jakobjankamminga,null,https://api.spotify.com/v1/playlists/48cazY4n3RWPsrgzUlsWeb/tracks,4,null
1hvwyKz8mJesiqG9TlZMND,Driving tunes,,jakobjankamminga,null,https://api.spotify.com/v1/playlists/1hvwyKz8mJesiqG9TlZMND/tracks,61,null
1ZOMZY3noYeqiBKRwUg9C6,80's lightspeed,,jakobjankamminga,null,https://api.spotify.com/v1/playlists/1ZOMZY3noYeqiBKRwUg9C6/tracks,10,null
5xM5jEktxptFLMXWImdYfQ,New African Sounds,,jakobjankamminga,null,https://api.spotify.com/v1/playlists/5xM5jEktxptFLMXWImdYfQ/tracks,12,null
3Ig6YqLNAUSNmG3gYWMlkK,Conexi√≥n Antillas Mayores,,jakobjankamminga,null,https://api.spotify.com/v1/playlists/3Ig6YqLNAUSNmG3gYWMlkK/tracks,20,null
7cIpvo6Eh6OtjhyKc8p7oU,Bon Voyage,,jakobjankamminga,null,https://api.spotify.com/v1/playlists/7cIpvo6Eh6OtjhyKc8p7oU/tracks,17,null
6SUnxmnmojkTwVzH5lbFA4,Landscapes,,jakobjankamminga,null,https://api.spotify.com/v1/playlists/6SUnxmnmojkTwVzH5lbFA4/tracks,4,null
4QN8PVfhalbwK0nTlLfd3k,Ietje,,jakobjankamminga,null,https://api.spotify.com/v1/playlists/4QN8PVfhalbwK0nTlLfd3k/tracks,23,null
2FTvSxIiOLs0v4CsVY7byH,ICE Songs of 2017,,jakobjankamminga,null,https://api.spotify.com/v1/playlists/2FTvSxIiOLs0v4CsVY7byH/tracks,62,null
34p2qyXIatZUX8Nm4g9vgI,Boys Noize #JAMS ,"Boys Noize‚Äôs personal playlist of new heat, secret weapons from House to Techno, classic tracks and fresh Boysnoize Records releases. ",boysnoize_official,null,https://api.spotify.com/v1/playlists/34p2qyXIatZUX8Nm4g9vgI/tracks,79,null
6LMPECo9nyj60nXgYkVm6m,GRiZ - Essentials,"Featuring Bangers[7].Zip, Chasing The Golden Hour Pt. 4, Vibe Check, Medusa, Astro Funk, Daily Routine, Burn Up The Floor and more!",therealgriz,null,https://api.spotify.com/v1/playlists/6LMPECo9nyj60nXgYkVm6m/tracks,114,null
4jwMSnlOLbR4UR7ZeKEgTt,Dj buffer,,jakobjankamminga,null,https://api.spotify.com/v1/playlists/4jwMSnlOLbR4UR7ZeKEgTt/tracks,44,null
6VfLUInf7HecoPNxE0tA4Z,"Selected Vibes (Electronica, Deep House)","Selected Vibes brings you the finest sounds from the wide world of quality electronic music. Subscribe for top producers, rising stars, hot mixes - varied, credible, engaging delights for your ears.",radial-deutschland,null,https://api.spotify.com/v1/playlists/6VfLUInf7HecoPNxE0tA4Z/tracks,60,null
7vptekLw7lMIyx3puBCU4d,2025 Top Albums,,jakobjankamminga,null,https://api.spotify.com/v1/playlists/7vptekLw7lMIyx3puBCU4d/tracks,133,null
6MdfhuHt9lEO8QS4ywFFg6,2024 Top Albums,,jakobjankamminga,null,https://api.spotify.com/v1/playlists/6MdfhuHt9lEO8QS4ywFFg6/tracks,248,null
4MHSZl5tguN7bNwiASxFFC,üë®‚Äçüë©‚Äçüë¶‚Äçüë¶ 2023 Top Albums,,jakobjankamminga,null,https://api.spotify.com/v1/playlists/4MHSZl5tguN7bNwiASxFFC/tracks,216,null
0vTQIbh0xv5wpT80OVxH7R,üê• 2022 Top albums,,jakobjankamminga,null,https://api.spotify.com/v1/playlists/0vTQIbh0xv5wpT80OVxH7R/tracks,230,null
5VWXCgc9DLMNlKhrFvddZQ,üíâ 2021 Top albums ,,jakobjankamminga,null,https://api.spotify.com/v1/playlists/5VWXCgc9DLMNlKhrFvddZQ/tracks,182,null
5XD1qPETDHHxzoD3UPrtza," ü¶† 2020 Top albums",,jakobjankamminga,null,https://api.spotify.com/v1/playlists/5XD1qPETDHHxzoD3UPrtza/tracks,276,null
4JIvh2lMAlGQyCOzBDZ3ee,üíª 2019 Top albums,,jakobjankamminga,null,https://api.spotify.com/v1/playlists/4JIvh2lMAlGQyCOzBDZ3ee/tracks,240,null
29VpdnSJDNsGkWvu1aonqL,üöÑ 2018 Top albums,,jakobjankamminga,null,https://api.spotify.com/v1/playlists/29VpdnSJDNsGkWvu1aonqL/tracks,240,null
6E5wiaglmN5eAWX9r9JFsl,üêª 2017 Top albums,,jakobjankamminga,null,https://api.spotify.com/v1/playlists/6E5wiaglmN5eAWX9r9JFsl/tracks,246,null
2pz0f6MDL3VL2QkW27aKfz,üêù 2016 Top albums,,jakobjankamminga,null,https://api.spotify.com/v1/playlists/2pz0f6MDL3VL2QkW27aKfz/tracks,203,null
5x2izBm3fxWkfrpIK0t0tD,2015,,jakobjankamminga,null,https://api.spotify.com/v1/playlists/5x2izBm3fxWkfrpIK0t0tD/tracks,199,null
3hRTfsWul9oshqSXEbDa2D,2014,,jakobjankamminga,null,https://api.spotify.com/v1/playlists/3hRTfsWul9oshqSXEbDa2D/tracks,125,null
3Qiu5u0Kd1i4VmVfJLiDiV,2013,,jakobjankamminga,null,https://api.spotify.com/v1/playlists/3Qiu5u0Kd1i4VmVfJLiDiV/tracks,203,null
070OLJwuo4lHG6dIKY6D7u,2012,,jakobjankamminga,null,https://api.spotify.com/v1/playlists/070OLJwuo4lHG6dIKY6D7u/tracks,112,null
5CDQiqBuUqfxzOlbv2sgQp,2011,,jakobjankamminga,null,https://api.spotify.com/v1/playlists/5CDQiqBuUqfxzOlbv2sgQp/tracks,49,null
1OWaZIFFro2RpwyaEBiJ1i,2010,,jakobjankamminga,null,https://api.spotify.com/v1/playlists/1OWaZIFFro2RpwyaEBiJ1i/tracks,67,null
6UaOER6vpCzO5LfcMjQMYZ,2009,,jakobjankamminga,null,https://api.spotify.com/v1/playlists/6UaOER6vpCzO5LfcMjQMYZ/tracks,101,null
06XA1FJeN1arY7iExmc9aK,2008,,jakobjankamminga,null,https://api.spotify.com/v1/playlists/06XA1FJeN1arY7iExmc9aK/tracks,107,null
74NjnTIioXcDpWlLccC2MC,2007,,jakobjankamminga,null,https://api.spotify.com/v1/playlists/74NjnTIioXcDpWlLccC2MC/tracks,102,null
05XcpedCkLbR45G6vHbpqG,2006,,jakobjankamminga,null,https://api.spotify.com/v1/playlists/05XcpedCkLbR45G6vHbpqG/tracks,60,null
6lS3hyeY39deqPtFIaP6I0,2005,,jakobjankamminga,null,https://api.spotify.com/v1/playlists/6lS3hyeY39deqPtFIaP6I0/tracks,138,null
5UkqZVyzS2zHgeZqp0uKjs,2004,,jakobjankamminga,null,https://api.spotify.com/v1/playlists/5UkqZVyzS2zHgeZqp0uKjs/tracks,135,null
65T9qhbb1AUQYg1Jtd0ZAP,2003,,jakobjankamminga,null,https://api.spotify.com/v1/playlists/65T9qhbb1AUQYg1Jtd0ZAP/tracks,181,null
3SyTJFPqfa1o2vf16HzoMP,2002,,jakobjankamminga,null,https://api.spotify.com/v1/playlists/3SyTJFPqfa1o2vf16HzoMP/tracks,147,null
4Y9AIYKibbAqjWe8F4lglp,2001,,jakobjankamminga,null,https://api.spotify.com/v1/playlists/4Y9AIYKibbAqjWe8F4lglp/tracks,58,null
2gIZcvo2cnIawoIUHgH3gp,2000,,jakobjankamminga,null,https://api.spotify.com/v1/playlists/2gIZcvo2cnIawoIUHgH3gp/tracks,0,null
0WJhqGK4BGQRhte1mwhLJ0,1999,,jakobjankamminga,null,https://api.spotify.com/v1/playlists/0WJhqGK4BGQRhte1mwhLJ0/tracks,7,null
4HLx4XHkFejIgxT48JgrO5,1998,,jakobjankamminga,null,https://api.spotify.com/v1/playlists/4HLx4XHkFejIgxT48JgrO5/tracks,7,null
2QMnu8djRKhizg8VcgkmGL,1997,,jakobjankamminga,null,https://api.spotify.com/v1/playlists/2QMnu8djRKhizg8VcgkmGL/tracks,31,null
0a4LU3AIR6ug84fel21BOI,1996,,jakobjankamminga,null,https://api.spotify.com/v1/playlists/0a4LU3AIR6ug84fel21BOI/tracks,14,null
5nD3uBcrbdcoGAQnxdSsVD,1996,,jakobjankamminga,null,https://api.spotify.com/v1/playlists/5nD3uBcrbdcoGAQnxdSsVD/tracks,0,null
2o4pz8Ykvi1175z4e2EHUz,1995,,jakobjankamminga,null,https://api.spotify.com/v1/playlists/2o4pz8Ykvi1175z4e2EHUz/tracks,21,null
5HWKz7NSa9qthL8PZqTrRs,1994,,jakobjankamminga,null,https://api.spotify.com/v1/playlists/5HWKz7NSa9qthL8PZqTrRs/tracks,11,null
6YHeHiIdjv71CNwNvXS1Ln,1993,,jakobjankamminga,null,https://api.spotify.com/v1/playlists/6YHeHiIdjv71CNwNvXS1Ln/tracks,13,null
7neaJXBzX3onznkemwvSds,1992,,jakobjankamminga,null,https://api.spotify.com/v1/playlists/7neaJXBzX3onznkemwvSds/tracks,0,null
0UpOCcbmf4B9mHo1xbea4a,1991,,jakobjankamminga,null,https://api.spotify.com/v1/playlists/0UpOCcbmf4B9mHo1xbea4a/tracks,18,null
50BBA4Cz2TiYA9ItiwYQXN,1990,,jakobjankamminga,null,https://api.spotify.com/v1/playlists/50BBA4Cz2TiYA9ItiwYQXN/tracks,22,null
3QUvUWuyDKoRASbgvmDK4f,1989,,jakobjankamminga,null,https://api.spotify.com/v1/playlists/3QUvUWuyDKoRASbgvmDK4f/tracks,0,null
7CY3vI6LqvCIgyAbl5OAxL,1988,,jakobjankamminga,null,https://api.spotify.com/v1/playlists/7CY3vI6LqvCIgyAbl5OAxL/tracks,0,null
1q2WbcJ899mCRpdczGYMLp,1987,,jakobjankamminga,null,https://api.spotify.com/v1/playlists/1q2WbcJ899mCRpdczGYMLp/tracks,6,null
0kQc2enqLMr2cjWvoGA9gj,1986,,jakobjankamminga,null,https://api.spotify.com/v1/playlists/0kQc2enqLMr2cjWvoGA9gj/tracks,8,null
33zn12VxODnnarmFWWJsMh,1985,,jakobjankamminga,null,https://api.spotify.com/v1/playlists/33zn12VxODnnarmFWWJsMh/tracks,0,null
3f8axwdOdAPrFaEbHMdAj4,1984,,jakobjankamminga,null,https://api.spotify.com/v1/playlists/3f8axwdOdAPrFaEbHMdAj4/tracks,0,null
6uayIk4O5FeHCqNcW9slj7,1983,,jakobjankamminga,null,https://api.spotify.com/v1/playlists/6uayIk4O5FeHCqNcW9slj7/tracks,10,null
4cwK68SNcTXtvRY9jaa1yU,1982,,jakobjankamminga,null,https://api.spotify.com/v1/playlists/4cwK68SNcTXtvRY9jaa1yU/tracks,0,null
1O3c6YuSjCCx0Dn4AGqU2h,1981,,jakobjankamminga,null,https://api.spotify.com/v1/playlists/1O3c6YuSjCCx0Dn4AGqU2h/tracks,0,null
5raaonnxBmd4BOtiWdQJxq,1980,,jakobjankamminga,null,https://api.spotify.com/v1/playlists/5raaonnxBmd4BOtiWdQJxq/tracks,11,null
22CA8atfUn1gLShC1tm5zg,1979,,jakobjankamminga,null,https://api.spotify.com/v1/playlists/22CA8atfUn1gLShC1tm5zg/tracks,15,null
6BP8sJx79hZcxQ7aoUm1cT,1978,,jakobjankamminga,null,https://api.spotify.com/v1/playlists/6BP8sJx79hZcxQ7aoUm1cT/tracks,60,null
0jeH6efdr7oRZLg2bSTSHo,1977,,jakobjankamminga,null,https://api.spotify.com/v1/playlists/0jeH6efdr7oRZLg2bSTSHo/tracks,0,null
0HlxV1kYhw1gyo0IQ3Fxah,1976,,jakobjankamminga,null,https://api.spotify.com/v1/playlists/0HlxV1kYhw1gyo0IQ3Fxah/tracks,0,null
0nYlGd7TRUcxJOOmBJg4iE,1975,,jakobjankamminga,null,https://api.spotify.com/v1/playlists/0nYlGd7TRUcxJOOmBJg4iE/tracks,8,null
1knEQ3ln3BrxlwpImvOPdf,1974,,jakobjankamminga,null,https://api.spotify.com/v1/playlists/1knEQ3ln3BrxlwpImvOPdf/tracks,0,null
1Oz587Z9XMPCMNNeiJnNKb,1973,,jakobjankamminga,null,https://api.spotify.com/v1/playlists/1Oz587Z9XMPCMNNeiJnNKb/tracks,0,null
4OH2jD1ApMlezul6vopUbv,1972,,jakobjankamminga,null,https://api.spotify.com/v1/playlists/4OH2jD1ApMlezul6vopUbv/tracks,0,null
2AQ11zaWQG3vD1ZAXCgsag,1971,,jakobjankamminga,null,https://api.spotify.com/v1/playlists/2AQ11zaWQG3vD1ZAXCgsag/tracks,0,null
72noP0uNKYolS14NGSXYSp,1967,,jakobjankamminga,null,https://api.spotify.com/v1/playlists/72noP0uNKYolS14NGSXYSp/tracks,11,null
5wp5rJNnpikZkqggk5IYLG,Song of the year: 2025,,jakobjankamminga,null,https://api.spotify.com/v1/playlists/5wp5rJNnpikZkqggk5IYLG/tracks,6,null
3cVQrvlqWOdWglI1vjp0gh,Song of the year: 2024,,jakobjankamminga,null,https://api.spotify.com/v1/playlists/3cVQrvlqWOdWglI1vjp0gh/tracks,14,null
698JJ6Fp1ChPY0eKuBxKVL,Song of the year: 2023,,jakobjankamminga,null,https://api.spotify.com/v1/playlists/698JJ6Fp1ChPY0eKuBxKVL/tracks,13,null
6KFN0eNlHBbD5wqj0SF4oQ,Song of the year: 2022,,jakobjankamminga,null,https://api.spotify.com/v1/playlists/6KFN0eNlHBbD5wqj0SF4oQ/tracks,5,null
4fN7iRFrLjT17Dk6oy9qet,Song of the year: 2020,,jakobjankamminga,null,https://api.spotify.com/v1/playlists/4fN7iRFrLjT17Dk6oy9qet/tracks,6,null
1iklYiiUplIgg4ofiJYZbz,Song of the year: 2019,"Not all of their records hit home in the same way, but these songs, individually, made a big mark. Sorted for listenability, no particular order. Except as always, 1 which, in my humble opinion, led the pack this year.",jakobjankamminga,null,https://api.spotify.com/v1/playlists/1iklYiiUplIgg4ofiJYZbz/tracks,10,null
4I9zFgXQPoaa8qbUFDfLNG,Song of the year: 2018,,jakobjankamminga,null,https://api.spotify.com/v1/playlists/4I9zFgXQPoaa8qbUFDfLNG/tracks,12,null
72bSKk5uwzxesRjDf3PczH,Song of the year: 2017,,jakobjankamminga,null,https://api.spotify.com/v1/playlists/72bSKk5uwzxesRjDf3PczH/tracks,17,null
0K6Aya8GAsmGrCLmttc7ny,2025,,jakobjankamminga,null,https://api.spotify.com/v1/playlists/0K6Aya8GAsmGrCLmttc7ny/tracks,675,null
4eBWurs2SDanezzCKm8G0k,2024 Watchlist,,jakobjankamminga,null,https://api.spotify.com/v1/playlists/4eBWurs2SDanezzCKm8G0k/tracks,1382,null
1yaKsaPblENZg8Ck1I9yEV,üî≠ 2023 Watchlist,,jakobjankamminga,null,https://api.spotify.com/v1/playlists/1yaKsaPblENZg8Ck1I9yEV/tracks,1489,null
3UW21iKKw6NgY0ZXqITf6r,üî≠ 2022 Watchlist,,jakobjankamminga,null,https://api.spotify.com/v1/playlists/3UW21iKKw6NgY0ZXqITf6r/tracks,1523,null
1so2b0GTOdylSHyFAjVkIA,üî≠ 2021 Watchlist,,jakobjankamminga,null,https://api.spotify.com/v1/playlists/1so2b0GTOdylSHyFAjVkIA/tracks,1287,null
46FPQNrukGflEA9iRXqIGe,üî≠ 2020 Watchlist,,jakobjankamminga,null,https://api.spotify.com/v1/playlists/46FPQNrukGflEA9iRXqIGe/tracks,1166,null
70ebLiGkDkBokCXDAIVKtv,2019,,jakobjankamminga,null,https://api.spotify.com/v1/playlists/70ebLiGkDkBokCXDAIVKtv/tracks,1136,null
1QzDvpVcfqnKUmZvs4yrVf,2018,,jakobjankamminga,null,https://api.spotify.com/v1/playlists/1QzDvpVcfqnKUmZvs4yrVf/tracks,872,null
5SJKeeSg6q8ALn8Kf7LrbJ,2017,,jakobjankamminga,null,https://api.spotify.com/v1/playlists/5SJKeeSg6q8ALn8Kf7LrbJ/tracks,1073,null
4wkppFiLD4dU26Gne1wtjx,2016,,jakobjankamminga,null,https://api.spotify.com/v1/playlists/4wkppFiLD4dU26Gne1wtjx/tracks,1370,null
0rymmXHxyNyjayYO36LaqE,2015,,jakobjankamminga,null,https://api.spotify.com/v1/playlists/0rymmXHxyNyjayYO36LaqE/tracks,1308,null
1A1lDp1WdK3TPrQr7se1vG,2014,,jakobjankamminga,null,https://api.spotify.com/v1/playlists/1A1lDp1WdK3TPrQr7se1vG/tracks,1065,null
0CyljwMCXk3iya3Hmx1bPC,2012,,jakobjankamminga,null,https://api.spotify.com/v1/playlists/0CyljwMCXk3iya3Hmx1bPC/tracks,330,null
7ENnhWekpG6mPKysJiHcfo,2011,,jakobjankamminga,null,https://api.spotify.com/v1/playlists/7ENnhWekpG6mPKysJiHcfo/tracks,435,null
35Kw4wMNzDxaUsbWsnh2ij,2010,,jakobjankamminga,null,https://api.spotify.com/v1/playlists/35Kw4wMNzDxaUsbWsnh2ij/tracks,309,null
3hevpJUBxcHssJ6B11qSZA,2009,,jakobjankamminga,null,https://api.spotify.com/v1/playlists/3hevpJUBxcHssJ6B11qSZA/tracks,269,null
5HRqYJoh9foVB9jsBDYShL,2008,,jakobjankamminga,null,https://api.spotify.com/v1/playlists/5HRqYJoh9foVB9jsBDYShL/tracks,117,null
19lcalXDrDNQFDFZ4KVS1q,2007,,jakobjankamminga,null,https://api.spotify.com/v1/playlists/19lcalXDrDNQFDFZ4KVS1q/tracks,211,null
1f4PiuQ1HHeytKiLZz7zs1,2006,,jakobjankamminga,null,https://api.spotify.com/v1/playlists/1f4PiuQ1HHeytKiLZz7zs1/tracks,181,null
1Y7lEnyit9Bno4ycg7wxVg,2005,,jakobjankamminga,null,https://api.spotify.com/v1/playlists/1Y7lEnyit9Bno4ycg7wxVg/tracks,243,null
4EYajqrm6c4VO1VsObX1rg,2004,,jakobjankamminga,null,https://api.spotify.com/v1/playlists/4EYajqrm6c4VO1VsObX1rg/tracks,144,null
5lZGSjW2A2DE97Sgrs81eD,2003,,jakobjankamminga,null,https://api.spotify.com/v1/playlists/5lZGSjW2A2DE97Sgrs81eD/tracks,123,null
2JT2Sw2AUkWoLVVpTSsmTc,2002,,jakobjankamminga,null,https://api.spotify.com/v1/playlists/2JT2Sw2AUkWoLVVpTSsmTc/tracks,106,null
6HBf2SWUQMW3EA3XYvZS1K,2001,,jakobjankamminga,null,https://api.spotify.com/v1/playlists/6HBf2SWUQMW3EA3XYvZS1K/tracks,89,null
3gLyty2s14IUGniNQj2o3K,2000,,jakobjankamminga,null,https://api.spotify.com/v1/playlists/3gLyty2s14IUGniNQj2o3K/tracks,119,null
0Y8hgJlFd8OzI5PQcyODGO,1999,,jakobjankamminga,null,https://api.spotify.com/v1/playlists/0Y8hgJlFd8OzI5PQcyODGO/tracks,121,null
4PCZCNytcZGSGuVmwIap9p,1998,,jakobjankamminga,null,https://api.spotify.com/v1/playlists/4PCZCNytcZGSGuVmwIap9p/tracks,41,null
0T625Wmc86TeV2eIvX4qFk,1997,,jakobjankamminga,null,https://api.spotify.com/v1/playlists/0T625Wmc86TeV2eIvX4qFk/tracks,70,null
0LRD5hCI1xzDNfDXB5yoNm,1996,,jakobjankamminga,null,https://api.spotify.com/v1/playlists/0LRD5hCI1xzDNfDXB5yoNm/tracks,71,null
0MDupgwCsvCLEhIRltkM2z,1995,,jakobjankamminga,null,https://api.spotify.com/v1/playlists/0MDupgwCsvCLEhIRltkM2z/tracks,113,null
6JaOhFhQ9NQ4aQN76xtCpt,1994,,jakobjankamminga,null,https://api.spotify.com/v1/playlists/6JaOhFhQ9NQ4aQN76xtCpt/tracks,92,null
1YGmu0YFufCQYdybbnNeSP,1993,,jakobjankamminga,null,https://api.spotify.com/v1/playlists/1YGmu0YFufCQYdybbnNeSP/tracks,103,null
0pMkBW3PXf9RMaYqDcZqMT,1992,,jakobjankamminga,null,https://api.spotify.com/v1/playlists/0pMkBW3PXf9RMaYqDcZqMT/tracks,147,null
3TcmqFcjRkuxWiKjhsrTex,1991,,jakobjankamminga,null,https://api.spotify.com/v1/playlists/3TcmqFcjRkuxWiKjhsrTex/tracks,76,null
5V0T2gNw0gwyF3Aq8FFW5E,1990,,jakobjankamminga,null,https://api.spotify.com/v1/playlists/5V0T2gNw0gwyF3Aq8FFW5E/tracks,25,null
60Um1X0jg5VrohTPRQaaey,1989,,jakobjankamminga,null,https://api.spotify.com/v1/playlists/60Um1X0jg5VrohTPRQaaey/tracks,13,null
79OcTdBpssXLvfeaFFPne9,1988,,jakobjankamminga,null,https://api.spotify.com/v1/playlists/79OcTdBpssXLvfeaFFPne9/tracks,16,null
3skU8aXyuF6iNXvh5Bryrl,1987,,jakobjankamminga,null,https://api.spotify.com/v1/playlists/3skU8aXyuF6iNXvh5Bryrl/tracks,38,null
4jDjdlcf1xVqEnvY9BLEp3,1986,,jakobjankamminga,null,https://api.spotify.com/v1/playlists/4jDjdlcf1xVqEnvY9BLEp3/tracks,42,null
6r3evldDBQgZ2QTqFlCz6p,1985,,jakobjankamminga,null,https://api.spotify.com/v1/playlists/6r3evldDBQgZ2QTqFlCz6p/tracks,38,null
7pwNO1baft1FWs3rJe9aRR,1984,,jakobjankamminga,null,https://api.spotify.com/v1/playlists/7pwNO1baft1FWs3rJe9aRR/tracks,26,null
1EFGYyYYhkG24FQPYWp9aa,1983,,jakobjankamminga,null,https://api.spotify.com/v1/playlists/1EFGYyYYhkG24FQPYWp9aa/tracks,10,null
79nYCnEUomsQ8P76uINUgL,1982,,jakobjankamminga,null,https://api.spotify.com/v1/playlists/79nYCnEUomsQ8P76uINUgL/tracks,19,null
21MnnozydFTrfLcfi8UiYN,1981,,jakobjankamminga,null,https://api.spotify.com/v1/playlists/21MnnozydFTrfLcfi8UiYN/tracks,62,null
6yZYygO3BRFUAtdli1FTq5,1971-1980,,jakobjankamminga,null,https://api.spotify.com/v1/playlists/6yZYygO3BRFUAtdli1FTq5/tracks,260,null
0fO7FvAK4pvkQAFv4PkzJ4,1961-1970,,jakobjankamminga,null,https://api.spotify.com/v1/playlists/0fO7FvAK4pvkQAFv4PkzJ4/tracks,113,null
6ck5Ve4ned8Qo0HD8e2JRX,1951-1960,,jakobjankamminga,null,https://api.spotify.com/v1/playlists/6ck5Ve4ned8Qo0HD8e2JRX/tracks,18,null
3sCIfNQKEi39O0GVqSmHPu,Cookin' up somethin',,jakobjankamminga,null,https://api.spotify.com/v1/playlists/3sCIfNQKEi39O0GVqSmHPu/tracks,2,null
6GWhPjQbxeMIM3qxGUZEnN,Nightly travels,,jakobjankamminga,null,https://api.spotify.com/v1/playlists/6GWhPjQbxeMIM3qxGUZEnN/tracks,13,null
7j59Dbln4ptTBuEFVqDHxd,magic beans,Photo credit: George Kroeker,jakobjankamminga,null,https://api.spotify.com/v1/playlists/7j59Dbln4ptTBuEFVqDHxd/tracks,16,null
0C4JUj1L69oADywlUZMcKt,Morning beats,,jakobjankamminga,null,https://api.spotify.com/v1/playlists/0C4JUj1L69oADywlUZMcKt/tracks,7,null
3JVjUhdi8IxLyWWHK30ova,Life in song,,jakobjankamminga,null,https://api.spotify.com/v1/playlists/3JVjUhdi8IxLyWWHK30ova/tracks,6,null
6m9s2rVrcewEOb2z595AVC,Abstract Art,,jakobjankamminga,null,https://api.spotify.com/v1/playlists/6m9s2rVrcewEOb2z595AVC/tracks,2,null
2O54VLzOIvAaGXuCJnVYlR,Pedal through the copper,,jakobjankamminga,null,https://api.spotify.com/v1/playlists/2O54VLzOIvAaGXuCJnVYlR/tracks,12,null
2sJLkzOT7yrcW4GXQCof0f,GOD(DES)S,,jakobjankamminga,null,https://api.spotify.com/v1/playlists/2sJLkzOT7yrcW4GXQCof0f/tracks,7,null
7GK596miL51wZO0emE3imM,The Mansion,,jakobjankamminga,null,https://api.spotify.com/v1/playlists/7GK596miL51wZO0emE3imM/tracks,1,null
0h7XbGg9xIqLKyB2iQlHCg,Annoyingly joyful,,jakobjankamminga,null,https://api.spotify.com/v1/playlists/0h7XbGg9xIqLKyB2iQlHCg/tracks,1,null
7gkfFqwCO0gKDDQcAI8G19,"Quiet City, Sundown River",,jakobjankamminga,null,https://api.spotify.com/v1/playlists/7gkfFqwCO0gKDDQcAI8G19/tracks,9,null
7gtCNDloK6NAz2H6RVg4Pc,The rhythmic adventures of Bongo man and Gita Rist,,jakobjankamminga,null,https://api.spotify.com/v1/playlists/7gtCNDloK6NAz2H6RVg4Pc/tracks,8,null
6R7dUmR6NsIeVrmaOprlTs,Kaiserstra·∫ûe,,jakobjankamminga,null,https://api.spotify.com/v1/playlists/6R7dUmR6NsIeVrmaOprlTs/tracks,6,null
2r0Umwm94KdscCK4ob8iwM,Strange?,,jakobjankamminga,null,https://api.spotify.com/v1/playlists/2r0Umwm94KdscCK4ob8iwM/tracks,12,null
77Z0tArO8uWiZw8N96km8W,These could have been Bond themes,,jakobjankamminga,null,https://api.spotify.com/v1/playlists/77Z0tArO8uWiZw8N96km8W/tracks,10,null
61iTkSAGrtgFA45JIJbB96,Battle anthems,,jakobjankamminga,null,https://api.spotify.com/v1/playlists/61iTkSAGrtgFA45JIJbB96/tracks,9,null
3GQvWmRokqJwznx1UnCV3x,Freshhhhhhh,,jakobjankamminga,null,https://api.spotify.com/v1/playlists/3GQvWmRokqJwznx1UnCV3x/tracks,11,null
2Skzy80HPlEXA8aTEQNT2q,Summer daze,,jakobjankamminga,null,https://api.spotify.com/v1/playlists/2Skzy80HPlEXA8aTEQNT2q/tracks,29,null
3rwIS5NmrhDnavXZeVANLb,With cream and sprinkles please,,jakobjankamminga,null,https://api.spotify.com/v1/playlists/3rwIS5NmrhDnavXZeVANLb/tracks,16,null
2OKvpEfiKi7M4Togs6R5Sb,Real,,jakobjankamminga,null,https://api.spotify.com/v1/playlists/2OKvpEfiKi7M4Togs6R5Sb/tracks,5,null
35odHR39rJ7SSmWq7tKnHw,Fight the power,,jakobjankamminga,null,https://api.spotify.com/v1/playlists/35odHR39rJ7SSmWq7tKnHw/tracks,15,null
5OBtC1cMXVzl7CWIxdt9XN,Dreamer's songs,,jakobjankamminga,null,https://api.spotify.com/v1/playlists/5OBtC1cMXVzl7CWIxdt9XN/tracks,20,null
4Lim5Xu96b94YGcp8Jh0CM,Saxophones are fucking metal,,jakobjankamminga,null,https://api.spotify.com/v1/playlists/4Lim5Xu96b94YGcp8Jh0CM/tracks,16,null
5VLuLY3J5TWjGgrs1eMHfh,Ragnarok!,,jakobjankamminga,null,https://api.spotify.com/v1/playlists/5VLuLY3J5TWjGgrs1eMHfh/tracks,20,null
3K7gK7CLiTKnxYp2i5XWJK,Mixes electronic/funk/house,,jakobjankamminga,null,https://api.spotify.com/v1/playlists/3K7gK7CLiTKnxYp2i5XWJK/tracks,39,null
5qZccsAKPK0Ci4BbR2kLqt,Bad dream,,jakobjankamminga,null,https://api.spotify.com/v1/playlists/5qZccsAKPK0Ci4BbR2kLqt/tracks,3,null
1OAeITnECQWTIuIfAQ8O5b,Summer rewind without the metal,,jakobjankamminga,null,https://api.spotify.com/v1/playlists/1OAeITnECQWTIuIfAQ8O5b/tracks,39,null
3ayyDu8aFpQRx6ww5KGvfN,Herfst,,jakobjankamminga,null,https://api.spotify.com/v1/playlists/3ayyDu8aFpQRx6ww5KGvfN/tracks,30,null
5FG2asOtrBBWVnScNKhcpB,Lente,,jakobjankamminga,null,https://api.spotify.com/v1/playlists/5FG2asOtrBBWVnScNKhcpB/tracks,22,null
4GXLv3X23R1q6UVDmWElI3,Winter,,jakobjankamminga,null,https://api.spotify.com/v1/playlists/4GXLv3X23R1q6UVDmWElI3/tracks,73,null
6mLEofvxCNxz3ksv7GE8Ae,Zomer,,jakobjankamminga,null,https://api.spotify.com/v1/playlists/6mLEofvxCNxz3ksv7GE8Ae/tracks,61,null
6Ul7ynhxzMkFN7jcHKiseh,Cities 1.0,,jakobjankamminga,null,https://api.spotify.com/v1/playlists/6Ul7ynhxzMkFN7jcHKiseh/tracks,66,null
41ftzXy10oatZvpqofw1Hz,Tropico,,jakobjankamminga,null,https://api.spotify.com/v1/playlists/41ftzXy10oatZvpqofw1Hz/tracks,16,null
3IRVqaM0SE0kWkGXj1r4Sn,TR4N5P0RT3R,,jakobjankamminga,null,https://api.spotify.com/v1/playlists/3IRVqaM0SE0kWkGXj1r4Sn/tracks,11,null
7B4Rgu63fJD9UBn89FbDIx,Elementary Cool,,jakobjankamminga,null,https://api.spotify.com/v1/playlists/7B4Rgu63fJD9UBn89FbDIx/tracks,21,null
0Laxn3fDYMl1d6HgvleVws,Solar Energy,,jakobjankamminga,null,https://api.spotify.com/v1/playlists/0Laxn3fDYMl1d6HgvleVws/tracks,20,null
4pnMzG9onG8QauvUQq1lCo,Tech Factory,,jakobjankamminga,null,https://api.spotify.com/v1/playlists/4pnMzG9onG8QauvUQq1lCo/tracks,24,null
5TCU1Jl0NPtkX0A2f7gxAR,Tin-plate on infinity,,jakobjankamminga,null,https://api.spotify.com/v1/playlists/5TCU1Jl0NPtkX0A2f7gxAR/tracks,76,null
4cSUI92qrxZJxStPwMZEyP,House of souls,,jakobjankamminga,null,https://api.spotify.com/v1/playlists/4cSUI92qrxZJxStPwMZEyP/tracks,4,null
1fvV6os4nz8gF5cfKMipFV,House of worship,"Believe in God, call him a different name, or don&#x27;t believe at all, it does not matter. Let us unite and worship MUSIC.",jakobjankamminga,null,https://api.spotify.com/v1/playlists/1fvV6os4nz8gF5cfKMipFV/tracks,12,null
2I13Pg1rlXdHYYAQECqby3,Showdown,,jakobjankamminga,null,https://api.spotify.com/v1/playlists/2I13Pg1rlXdHYYAQECqby3/tracks,12,null
4buCI86B9ddanGD6QXO0Tb,80's retro future,,jakobjankamminga,null,https://api.spotify.com/v1/playlists/4buCI86B9ddanGD6QXO0Tb/tracks,9,null
5pjneSMHZPGWIpKrL5aoUz,Strutting those beats,,jakobjankamminga,null,https://api.spotify.com/v1/playlists/5pjneSMHZPGWIpKrL5aoUz/tracks,37,null
6BtF4d62Pwr7YjN4F37pwf,Nicolas Jaar - Nymphs,,jakobjankamminga,null,https://api.spotify.com/v1/playlists/6BtF4d62Pwr7YjN4F37pwf/tracks,7,null
02OqOuIdZPktLKm7j3Pvpv,Need to find title,,jakobjankamminga,null,https://api.spotify.com/v1/playlists/02OqOuIdZPktLKm7j3Pvpv/tracks,5,null
3RqNYlKg9MTSURQQP4rhaX,R√∂yksopp,,jakobjankamminga,null,https://api.spotify.com/v1/playlists/3RqNYlKg9MTSURQQP4rhaX/tracks,19,null
68J7XLYAqwnuSq9flEYkku,De Sluwe Vos,,jakobjankamminga,null,https://api.spotify.com/v1/playlists/68J7XLYAqwnuSq9flEYkku/tracks,9,null
4GvbplduuY4VeiFzIW9TWU,Future breakbeat,,jakobjankamminga,null,https://api.spotify.com/v1/playlists/4GvbplduuY4VeiFzIW9TWU/tracks,13,null
5NRRaub37cfsUuaFT1e6tZ,Juice Disco,,jakobjankamminga,null,https://api.spotify.com/v1/playlists/5NRRaub37cfsUuaFT1e6tZ/tracks,17,null
54t5CjxkWl8ViGFNI3dnjO,Future Garage,,jakobjankamminga,null,https://api.spotify.com/v1/playlists/54t5CjxkWl8ViGFNI3dnjO/tracks,18,null
2sLaYqdiEjrQaSA4DasmSN,DNB World,,jakobjankamminga,null,https://api.spotify.com/v1/playlists/2sLaYqdiEjrQaSA4DasmSN/tracks,5,null
5G6QvVHiQIinDSrFG0NFHP,Neurofunk,,jakobjankamminga,null,https://api.spotify.com/v1/playlists/5G6QvVHiQIinDSrFG0NFHP/tracks,3,null
1BEFE1xqJVTQXd9xYVwtXW,Drum & bass,,jakobjankamminga,null,https://api.spotify.com/v1/playlists/1BEFE1xqJVTQXd9xYVwtXW/tracks,9,null
32RgolrwLTKG9MUJ0IjHm1,Dubstep,,jakobjankamminga,null,https://api.spotify.com/v1/playlists/32RgolrwLTKG9MUJ0IjHm1/tracks,17,null
03f6w52KkNF2zPBV0KiZg1,Piraten arr,,jakobjankamminga,null,https://api.spotify.com/v1/playlists/03f6w52KkNF2zPBV0KiZg1/tracks,33,null
0kmFynebecjEBdIG5gLP0b,James Bond songs ordered best to worst,,jakobjankamminga,null,https://api.spotify.com/v1/playlists/0kmFynebecjEBdIG5gLP0b/tracks,23,null
4jgMjRWjCtbkaptLam2Csx,Evil Genius Themes,,jakobjankamminga,null,https://api.spotify.com/v1/playlists/4jgMjRWjCtbkaptLam2Csx/tracks,12,null
11ogyuKyJNk6BSBQGYLu0i,Magic,,jakobjankamminga,null,https://api.spotify.com/v1/playlists/11ogyuKyJNk6BSBQGYLu0i/tracks,63,null
5nApG2t0YP1nQjqdDFGxOG,Black magic,,jakobjankamminga,null,https://api.spotify.com/v1/playlists/5nApG2t0YP1nQjqdDFGxOG/tracks,20,null
7Kh3poKmcLqCM216c4DYo5,Hitman,,jakobjankamminga,null,https://api.spotify.com/v1/playlists/7Kh3poKmcLqCM216c4DYo5/tracks,27,null
7xewYPXVgJxINaAwIrwtpi,Assassin's Creed series,,jakobjankamminga,null,https://api.spotify.com/v1/playlists/7xewYPXVgJxINaAwIrwtpi/tracks,36,null
1kVYUcRHdEkYrqNDuakk0Y,Assassin's Creed 2,,jakobjankamminga,null,https://api.spotify.com/v1/playlists/1kVYUcRHdEkYrqNDuakk0Y/tracks,24,null
1ZeVGhQEQKVTywyhhYQ2bY,Game of Thrones,,jakobjankamminga,null,https://api.spotify.com/v1/playlists/1ZeVGhQEQKVTywyhhYQ2bY/tracks,22,null
5J1ekBEAZdXJJdKDtW76IC,Epic sci-fi journey,,jakobjankamminga,null,https://api.spotify.com/v1/playlists/5J1ekBEAZdXJJdKDtW76IC/tracks,38,null
00fP73jDCCvrXhPlwHvRmO,"Epic sci-fi journey, galactic edition",,jakobjankamminga,null,https://api.spotify.com/v1/playlists/00fP73jDCCvrXhPlwHvRmO/tracks,10,null
0QYpQyPYoc1JeJFSTzkrX6,Fallout Radio,,jakobjankamminga,null,https://api.spotify.com/v1/playlists/0QYpQyPYoc1JeJFSTzkrX6/tracks,74,null
6DT4y09KrTRhHSaM962M7T,title?,,jakobjankamminga,null,https://api.spotify.com/v1/playlists/6DT4y09KrTRhHSaM962M7T/tracks,2,null
38mlLinFBc3G5dN8ItKQGB,Jakob's Intercontinental Cocktail Hour,,jakobjankamminga,null,https://api.spotify.com/v1/playlists/38mlLinFBc3G5dN8ItKQGB/tracks,14,null
014GNttmu15LyERId4ZYhO,Funk for the road,,jakobjankamminga,null,https://api.spotify.com/v1/playlists/014GNttmu15LyERId4ZYhO/tracks,21,null
1iTI1198JiUn488Mzjv3Sq,Positivity,,jakobjankamminga,null,https://api.spotify.com/v1/playlists/1iTI1198JiUn488Mzjv3Sq/tracks,6,null
0q6POCF74NL8YVwOPPz6eN,Kraak & Smaak,,jakobjankamminga,null,https://api.spotify.com/v1/playlists/0q6POCF74NL8YVwOPPz6eN/tracks,20,null
24LxAWW7PcD0FWIdbWPqmk,"Earth, Wind & Fire",,jakobjankamminga,null,https://api.spotify.com/v1/playlists/24LxAWW7PcD0FWIdbWPqmk/tracks,17,null
36WR1h9mVmbMGob3I7dX9f,"Earth, Wind & Fire 1970-1980",,jakobjankamminga,null,https://api.spotify.com/v1/playlists/36WR1h9mVmbMGob3I7dX9f/tracks,11,null
4AD9wb3MVTwtaRhEqpjprd,Elevation,,jakobjankamminga,null,https://api.spotify.com/v1/playlists/4AD9wb3MVTwtaRhEqpjprd/tracks,1,null
5DgkEZi0HVY5Bo3MdQO8Fs,METROPOL,,jakobjankamminga,null,https://api.spotify.com/v1/playlists/5DgkEZi0HVY5Bo3MdQO8Fs/tracks,2,null
6weUsu4tOo4GMlh4QFeO3Y,Copper is metal too,,jakobjankamminga,null,https://api.spotify.com/v1/playlists/6weUsu4tOo4GMlh4QFeO3Y/tracks,1,null
3yd3XxrRzcrluVuLpdPOiS,Future Sight,,jakobjankamminga,null,https://api.spotify.com/v1/playlists/3yd3XxrRzcrluVuLpdPOiS/tracks,10,null
0IUX8tS6nPipC6ykFvIuJZ,Mysteries of the Galactic Power Fist,,jakobjankamminga,null,https://api.spotify.com/v1/playlists/0IUX8tS6nPipC6ykFvIuJZ/tracks,12,null
67nqptocc2w12bl4SUqTKO,lilzenman,,jakobjankamminga,null,https://api.spotify.com/v1/playlists/67nqptocc2w12bl4SUqTKO/tracks,10,null
7wvhXOPQvBKlUEWpBBGyRI,pop pop pop,,jakobjankamminga,null,https://api.spotify.com/v1/playlists/7wvhXOPQvBKlUEWpBBGyRI/tracks,6,null
32kV0fWsYaCsluscoZUcoK,H! Vltg3,,jakobjankamminga,null,https://api.spotify.com/v1/playlists/32kV0fWsYaCsluscoZUcoK/tracks,14,null
4lJhF5EIX4Y5M6NlJeRtKR,West coast hip hop,,jakobjankamminga,null,https://api.spotify.com/v1/playlists/4lJhF5EIX4Y5M6NlJeRtKR/tracks,3,null
0EUZ0hm24822Q2juEHG06C,Summer hip hop jams,,jakobjankamminga,null,https://api.spotify.com/v1/playlists/0EUZ0hm24822Q2juEHG06C/tracks,35,null
3LEpaYb0MUaGog7fU5slh2,Chill hip hop,,jakobjankamminga,null,https://api.spotify.com/v1/playlists/3LEpaYb0MUaGog7fU5slh2/tracks,7,null
6MLCHgGsQNXRYq3tf5ODaf,Steely Dan discography,,jakobjankamminga,null,https://api.spotify.com/v1/playlists/6MLCHgGsQNXRYq3tf5ODaf/tracks,80,null
7x254F1R5I8C61vGPfW8FK,Smooth as fuuuuuck,,jakobjankamminga,null,https://api.spotify.com/v1/playlists/7x254F1R5I8C61vGPfW8FK/tracks,14,null
4AVBXl2Z0Dmbo1PZsAt0RH,House Pop,,jakobjankamminga,null,https://api.spotify.com/v1/playlists/4AVBXl2Z0Dmbo1PZsAt0RH/tracks,11,null
0gDpnKTukSrbmUZid5Q4nV,Synth Pop,,jakobjankamminga,null,https://api.spotify.com/v1/playlists/0gDpnKTukSrbmUZid5Q4nV/tracks,26,null
2PGwNsOBg0dLl6iAUiWRAU,Funky Pop,,jakobjankamminga,null,https://api.spotify.com/v1/playlists/2PGwNsOBg0dLl6iAUiWRAU/tracks,3,null
4pxFZ8kWd0oIZKVttdfJwS,Chad Lawson ‚Äì The Chopin Variations,,jakobjankamminga,null,https://api.spotify.com/v1/playlists/4pxFZ8kWd0oIZKVttdfJwS/tracks,20,null
2ttT2j9Lkzm3RMsvFSEODa,Symfonie√´n,,jakobjankamminga,null,https://api.spotify.com/v1/playlists/2ttT2j9Lkzm3RMsvFSEODa/tracks,16,null
5Y2fkFv8GFojQqoqo8LyNF,Mazurkas,,jakobjankamminga,null,https://api.spotify.com/v1/playlists/5Y2fkFv8GFojQqoqo8LyNF/tracks,6,null
0FgzrdOnGidnIXnlg9hZTd,Humoresques,,jakobjankamminga,null,https://api.spotify.com/v1/playlists/0FgzrdOnGidnIXnlg9hZTd/tracks,8,null
7fMrHzFc6FEzNZHPacAujY,Symfonie√´n,,jakobjankamminga,null,https://api.spotify.com/v1/playlists/7fMrHzFc6FEzNZHPacAujY/tracks,20,null
5h9jBztPUzyRLpuRzoTBux,Concerten,,jakobjankamminga,null,https://api.spotify.com/v1/playlists/5h9jBztPUzyRLpuRzoTBux/tracks,8,null
29QIssJSRI0paxG0xlZZgJ,A Midsummer Night's Dream,,jakobjankamminga,null,https://api.spotify.com/v1/playlists/29QIssJSRI0paxG0xlZZgJ/tracks,10,null
40rB3Qh90YDCppJlNKHIhT,Mozart,,jakobjankamminga,null,https://api.spotify.com/v1/playlists/40rB3Qh90YDCppJlNKHIhT/tracks,16,null
5GmL9IucO8ssS0hmoLN2uC,Satie,,jakobjankamminga,null,https://api.spotify.com/v1/playlists/5GmL9IucO8ssS0hmoLN2uC/tracks,60,null
5pJKGxce64a1zW5kYGiUoZ,Symfonie√´n,,jakobjankamminga,null,https://api.spotify.com/v1/playlists/5pJKGxce64a1zW5kYGiUoZ/tracks,8,null
2wvXRRjGgbZ3vPIusoFNYK,Die Vier Jahreszeiten,,jakobjankamminga,null,https://api.spotify.com/v1/playlists/2wvXRRjGgbZ3vPIusoFNYK/tracks,12,null
2TncLgSGl2WgKKTfpZXLA3,Mijn playlist 303,,jakobjankamminga,null,https://api.spotify.com/v1/playlists/2TncLgSGl2WgKKTfpZXLA3/tracks,1,null
4LHkyRgeI90sNsqyRPf0yM,Neck Breakers,Potentially lethal headbanging material. Listen at your own discretion.,jakobjankamminga,null,https://api.spotify.com/v1/playlists/4LHkyRgeI90sNsqyRPf0yM/tracks,26,null
13Vy8MsM6VqyyDym0Be9kD,Killer metal riffs,,jakobjankamminga,null,https://api.spotify.com/v1/playlists/13Vy8MsM6VqyyDym0Be9kD/tracks,1,null
6qwmz0dxzeZrb0aZqM2uWv,Nu Metal,,jakobjankamminga,null,https://api.spotify.com/v1/playlists/6qwmz0dxzeZrb0aZqM2uWv/tracks,23,null
2nkHbZfyJIaWGdTtWW2w9n,Gothic metal,,jakobjankamminga,null,https://api.spotify.com/v1/playlists/2nkHbZfyJIaWGdTtWW2w9n/tracks,5,null
6XC57s41K3ERWs8Ny78JDM,Death Metal,,jakobjankamminga,null,https://api.spotify.com/v1/playlists/6XC57s41K3ERWs8Ny78JDM/tracks,17,null
7beV7RhkOaOVINkihdQisu,Best of: Mastodon,,jakobjankamminga,null,https://api.spotify.com/v1/playlists/7beV7RhkOaOVINkihdQisu/tracks,2,null
5FZZLXEtAZyajMrYvSHEZH,Best of: Anaal Nathrakh,,jakobjankamminga,null,https://api.spotify.com/v1/playlists/5FZZLXEtAZyajMrYvSHEZH/tracks,92,null
5kgsUBFixmrrHCBt1ZcdaY,Best of: Anaal Nathrakh,,jakobjankamminga,null,https://api.spotify.com/v1/playlists/5kgsUBFixmrrHCBt1ZcdaY/tracks,18,null
7DmBOuyYck218MNQ3rdzTo,Best of: The Vision Bleak,,jakobjankamminga,null,https://api.spotify.com/v1/playlists/7DmBOuyYck218MNQ3rdzTo/tracks,8,null
5qYDSGtTAwDOY27EgFJlKQ,Best of: Amon Amarth,,jakobjankamminga,null,https://api.spotify.com/v1/playlists/5qYDSGtTAwDOY27EgFJlKQ/tracks,6,null
3q9mCvX87pc1iSQmNJ8vQq,Best of: Amorphis,,jakobjankamminga,null,https://api.spotify.com/v1/playlists/3q9mCvX87pc1iSQmNJ8vQq/tracks,20,null
3rVfkqjRH1UBeDZdWWI3Ny,Best of: Behemoth,,jakobjankamminga,null,https://api.spotify.com/v1/playlists/3rVfkqjRH1UBeDZdWWI3Ny/tracks,9,null
7F0EQtLzr1KOj8ZeJD4tlz,Mastodon,,jakobjankamminga,null,https://api.spotify.com/v1/playlists/7F0EQtLzr1KOj8ZeJD4tlz/tracks,74,null
6n9rTx4k7pN6cvthJa45Bc,Dreamland,,jakobjankamminga,null,https://api.spotify.com/v1/playlists/6n9rTx4k7pN6cvthJa45Bc/tracks,8,null
2Lq7YxJK4SCTxGorCdFmcf,Deus Ex Machina,,jakobjankamminga,null,https://api.spotify.com/v1/playlists/2Lq7YxJK4SCTxGorCdFmcf/tracks,22,null
6ivY3mGgcGVssnQXj7w9qC,Contemplative ambient,,jakobjankamminga,null,https://api.spotify.com/v1/playlists/6ivY3mGgcGVssnQXj7w9qC/tracks,23,null
1eGqLKfTqm2tkbTtcRVzu6,American 50's & 60's,,jakobjankamminga,null,https://api.spotify.com/v1/playlists/1eGqLKfTqm2tkbTtcRVzu6/tracks,6,null
2i3RWF6bXtSXnGapKutfKm,Trippy music +,,jakobjankamminga,null,https://api.spotify.com/v1/playlists/2i3RWF6bXtSXnGapKutfKm/tracks,20,null
3TuEsHkJBwfLo1vvF5GfsU,Trippy music -,,jakobjankamminga,null,https://api.spotify.com/v1/playlists/3TuEsHkJBwfLo1vvF5GfsU/tracks,15,null
0CQZEAiTznbuPCtEX5JXVG,Future Living,,jakobjankamminga,null,https://api.spotify.com/v1/playlists/0CQZEAiTznbuPCtEX5JXVG/tracks,7,null
6PBqH6WCOv86Rpqa00CJGS,First Class Chillout,,jakobjankamminga,null,https://api.spotify.com/v1/playlists/6PBqH6WCOv86Rpqa00CJGS/tracks,18,null
1TO05UYff9piwHeDacsmiD,focus with Einaudi,"This week we'll focus on/with the music of Ludovico Einaudi :)! Ambient classical and neoclassical music to help you work and study effectively. <a href=""http://www.sinfinimusic.com/nl"">Discover more classical music on Classics To Go.</a> ",sinfinimusic.nl,null,https://api.spotify.com/v1/playlists/1TO05UYff9piwHeDacsmiD/tracks,113,null
5TJbJo7MKp6XoLNHzg2qsB,Chillout,,jakobjankamminga,null,https://api.spotify.com/v1/playlists/5TJbJo7MKp6XoLNHzg2qsB/tracks,17,null
2Dmi1VhzoLvw2NVx7dkSTf,The Story Of Trojan Records,,1133889344,null,https://api.spotify.com/v1/playlists/2Dmi1VhzoLvw2NVx7dkSTf/tracks,123,null
06Swugw4DoTsO1NGCJ7QHL,Human rock,,jakobjankamminga,null,https://api.spotify.com/v1/playlists/06Swugw4DoTsO1NGCJ7QHL/tracks,10,null
3A2qx9oxYOayKxWyXzQh0J,Post punk,,jakobjankamminga,null,https://api.spotify.com/v1/playlists/3A2qx9oxYOayKxWyXzQh0J/tracks,1,null
5WLHWySBxqZ8JH0srwFKuF,Powerballads that are not crap,,jakobjankamminga,null,https://api.spotify.com/v1/playlists/5WLHWySBxqZ8JH0srwFKuF/tracks,6,null
7i2QbAi9AVf8Z9GYkBkaTR,Desert,,jakobjankamminga,null,https://api.spotify.com/v1/playlists/7i2QbAi9AVf8Z9GYkBkaTR/tracks,25,null
3AsH22z3xtPitWwuvslEK0,Uptempo groove,,jakobjankamminga,null,https://api.spotify.com/v1/playlists/3AsH22z3xtPitWwuvslEK0/tracks,12,null
1umTWH6H5tuXc06it5rCve,Psychobilly & rockabilly,,jakobjankamminga,null,https://api.spotify.com/v1/playlists/1umTWH6H5tuXc06it5rCve/tracks,3,null
5jxogfArlfvhhAJVTOXNz9,Great guitar solos,,jakobjankamminga,null,https://api.spotify.com/v1/playlists/5jxogfArlfvhhAJVTOXNz9/tracks,25,null
3jg6ijLthy1igbeYqUS2e6,Best of: Rush,,jakobjankamminga,null,https://api.spotify.com/v1/playlists/3jg6ijLthy1igbeYqUS2e6/tracks,3,null
1a74VwvQs4mFcXIbrJeD0P,Best of: White Lies,,jakobjankamminga,null,https://api.spotify.com/v1/playlists/1a74VwvQs4mFcXIbrJeD0P/tracks,13,null
1dKNg5QmaBuqegFYE5J6Eq,Best of: Queens of the Stone Age,,jakobjankamminga,null,https://api.spotify.com/v1/playlists/1dKNg5QmaBuqegFYE5J6Eq/tracks,8,null
07GxtjuaBJJiVirJ59cT8p,AIC10/10,,jakobjankamminga,null,https://api.spotify.com/v1/playlists/07GxtjuaBJJiVirJ59cT8p/tracks,26,null
1CDtjhGV8LjKL5DNtZAMVp,Nightly travels (archive),,jakobjankamminga,null,https://api.spotify.com/v1/playlists/1CDtjhGV8LjKL5DNtZAMVp/tracks,25,null
71mcHarX6r4VJYcQVNmt64,A,,jakobjankamminga,null,https://api.spotify.com/v1/playlists/71mcHarX6r4VJYcQVNmt64/tracks,2,null
5MP4qzQRXNodZGFpzX9xup,Workin' on it,,jakobjankamminga,null,https://api.spotify.com/v1/playlists/5MP4qzQRXNodZGFpzX9xup/tracks,28,null
02LTLLgJ0KLbYKzX5jfHpJ,16 Horsepower,,jakobjankamminga,null,https://api.spotify.com/v1/playlists/02LTLLgJ0KLbYKzX5jfHpJ/tracks,3,null
69KPZhc213WOMCK7X7uAVq,A Life Once Lost,,jakobjankamminga,null,https://api.spotify.com/v1/playlists/69KPZhc213WOMCK7X7uAVq/tracks,2,null
71Z4crNtJCUBCkWy2Fr3XY,Burial,,jakobjankamminga,null,https://api.spotify.com/v1/playlists/71Z4crNtJCUBCkWy2Fr3XY/tracks,2,null
3xpZWFYnsnyzCDsKnVugQw,Bonobo,,jakobjankamminga,null,https://api.spotify.com/v1/playlists/3xpZWFYnsnyzCDsKnVugQw/tracks,45,null
45FobqSIKxqK37zsd5MYbO,Four Tet,,jakobjankamminga,null,https://api.spotify.com/v1/playlists/45FobqSIKxqK37zsd5MYbO/tracks,5,null
1R4ascUGsNjG0KT1kbX5J3,Henry Saiz,,jakobjankamminga,null,https://api.spotify.com/v1/playlists/1R4ascUGsNjG0KT1kbX5J3/tracks,57,null
3c6x5w5cdwqvowybYdZk3c,Major Lazer,,jakobjankamminga,null,https://api.spotify.com/v1/playlists/3c6x5w5cdwqvowybYdZk3c/tracks,18,null
5Ee3gKo7qXxx9lLNNDzNRv,Nero,,jakobjankamminga,null,https://api.spotify.com/v1/playlists/5Ee3gKo7qXxx9lLNNDzNRv/tracks,29,null
4Ilbo6uktb4INbxVRG3ANc,The Prodigy,,jakobjankamminga,null,https://api.spotify.com/v1/playlists/4Ilbo6uktb4INbxVRG3ANc/tracks,68,null
3qNAQAMNPirUwq0hfm5eWG,Tycho,,jakobjankamminga,null,https://api.spotify.com/v1/playlists/3qNAQAMNPirUwq0hfm5eWG/tracks,34,null
6xKlK3fK09Ath0RTx7tr6u,Courante,,jakobjankamminga,null,https://api.spotify.com/v1/playlists/6xKlK3fK09Ath0RTx7tr6u/tracks,2,null
6miUG0w19vOH6HFrc5CIgu,Dang!,,jakobjankamminga,null,https://api.spotify.com/v1/playlists/6miUG0w19vOH6HFrc5CIgu/tracks,16,null
2WMrXlVv4sQJv9H5CsCcJd,Liquid Love,,jakobjankamminga,null,https://api.spotify.com/v1/playlists/2WMrXlVv4sQJv9H5CsCcJd/tracks,7,null
2GZdK3kSKtqHzJsGHjyTiB,Water,&quot;Drink more water... or you might die.&quot;,jakobjankamminga,null,https://api.spotify.com/v1/playlists/2GZdK3kSKtqHzJsGHjyTiB/tracks,18,null
1agRJ49P9wUTxZnp6pWSJM,Europe After The Rain,,jakobjankamminga,null,https://api.spotify.com/v1/playlists/1agRJ49P9wUTxZnp6pWSJM/tracks,18,null
3kDMLpGBk1SMXakwBfaT1U,Closer,,jakobjankamminga,null,https://api.spotify.com/v1/playlists/3kDMLpGBk1SMXakwBfaT1U/tracks,12,null
29ATy577w5wbBLF2pqv02C,Here comes the night time,,jakobjankamminga,null,https://api.spotify.com/v1/playlists/29ATy577w5wbBLF2pqv02C/tracks,12,null
4EQymUkzFBYIUn17E3MTLF,The Mundane and the Magic,,jakobjankamminga,null,https://api.spotify.com/v1/playlists/4EQymUkzFBYIUn17E3MTLF/tracks,11,null
61hvbTK194Xnp9n6QDnXSb,Quiet Time,,jakobjankamminga,null,https://api.spotify.com/v1/playlists/61hvbTK194Xnp9n6QDnXSb/tracks,10,null
0B0aeQOTFKWgi6zkIleWJj,Italian Summer,,jakobjankamminga,null,https://api.spotify.com/v1/playlists/0B0aeQOTFKWgi6zkIleWJj/tracks,87,null
3Y0AZ12Lr7oezB0y96jtuC,New York,,jakobjankamminga,null,https://api.spotify.com/v1/playlists/3Y0AZ12Lr7oezB0y96jtuC/tracks,2,null
4HyuZHZNUFl2qpoZl25cFG,Detroit,,jakobjankamminga,null,https://api.spotify.com/v1/playlists/4HyuZHZNUFl2qpoZl25cFG/tracks,11,null
2gNkwRVxzTqN8Z5kmys9Gc,London,,jakobjankamminga,null,https://api.spotify.com/v1/playlists/2gNkwRVxzTqN8Z5kmys9Gc/tracks,10,null
0xYvYDFiYLCE1LpmwaIeqv,Amsterdam,,jakobjankamminga,null,https://api.spotify.com/v1/playlists/0xYvYDFiYLCE1LpmwaIeqv/tracks,19,null
3jlhMi9cAkvu4EMjB4kVVy,Berlin,,jakobjankamminga,null,https://api.spotify.com/v1/playlists/3jlhMi9cAkvu4EMjB4kVVy/tracks,30,null
6wsKVaCC1f1KoOvtonQjdX,I can tolerate these christmas songs,,jakobjankamminga,null,https://api.spotify.com/v1/playlists/6wsKVaCC1f1KoOvtonQjdX/tracks,15,null
57cZ5tTdIFHpVFEtAMFnHc,4/20,,jakobjankamminga,null,https://api.spotify.com/v1/playlists/57cZ5tTdIFHpVFEtAMFnHc/tracks,19,null
3bO8gQOhNEwArhtnDyGI8Y,Night Bay,,jakobjankamminga,null,https://api.spotify.com/v1/playlists/3bO8gQOhNEwArhtnDyGI8Y/tracks,16,null
1ZYbUasQfs8droLigetskZ,Drum practice,,jakobjankamminga,null,https://api.spotify.com/v1/playlists/1ZYbUasQfs8droLigetskZ/tracks,15,null
50mQlUXN52f24pTXNlAs8T,Refraction,,jakobjankamminga,null,https://api.spotify.com/v1/playlists/50mQlUXN52f24pTXNlAs8T/tracks,47,null
0V4VJ5s2TRdd6sGycfOI7L,Enthria,,jakobjankamminga,null,https://api.spotify.com/v1/playlists/0V4VJ5s2TRdd6sGycfOI7L/tracks,4,null
38B2vsBM3xCOzYuouNDp2v,Soul/funk album,,jakobjankamminga,null,https://api.spotify.com/v1/playlists/38B2vsBM3xCOzYuouNDp2v/tracks,11,null
